ID,Started,Finished,Updated,Subject,Row ID,Output
1156840,2024-09-09 07:47:00+09:00,2024-09-09 07:47:59.999999+09:00,2024-09-09 07:47:00+09:00,U11,1156840,2807
1156841,2024-09-09 07:47:00+09:00,2024-09-09 07:47:59.999999+09:00,2024-09-09 07:47:00+09:00,U11,1156841,2807
1156842,2024-09-09 07:47:00+09:00,2024-09-09 07:48:59.999999+09:00,2024-09-09 07:48:00+09:00,U11,1156842,2815
1156847,2024-09-09 07:48:00+09:00,2024-09-09 07:48:59.999999+09:00,2024-09-09 07:49:00+09:00,U11,1156847,2815
1156846,2024-09-09 07:48:00+09:00,2024-09-09 07:48:59.999999+09:00,2024-09-09 07:48:00+09:00,U11,1156846,2815
1156848,2024-09-09 07:48:00+09:00,2024-09-09 07:49:59.999999+09:00,2024-09-09 07:49:00+09:00,U11,1156848,2808
1156844,2024-09-09 07:48:00+09:00,2024-09-09 07:48:59.999999+09:00,2024-09-09 07:48:00+09:00,U11,1156844,2815
1156843,2024-09-09 07:48:00+09:00,2024-09-09 07:48:59.999999+09:00,2024-09-09 07:48:00+09:00,U11,1156843,2815
1156845,2024-09-09 07:48:00+09:00,2024-09-09 07:48:59.999999+09:00,2024-09-09 07:48:00+09:00,U11,1156845,2815
1164231,2024-09-11 05:14:00+09:00,2024-09-11 05:14:59.999999+09:00,2024-09-11 05:15:00+09:00,U8,1164231,2810
1164232,2024-09-11 05:15:00+09:00,2024-09-11 05:15:59.999999+09:00,2024-09-11 05:15:00+09:00,U8,1164232,2811
1164233,2024-09-11 05:15:00+09:00,2024-09-11 05:15:59.999999+09:00,2024-09-11 05:15:00+09:00,U8,1164233,2811
1164234,2024-09-11 05:16:00+09:00,2024-09-11 05:16:59.999999+09:00,2024-09-11 05:16:00+09:00,U8,1164234,2814
1164235,2024-09-11 05:16:00+09:00,2024-09-11 05:16:59.999999+09:00,2024-09-11 05:16:00+09:00,U8,1164235,2814
1164268,2024-09-11 05:16:00+09:00,2024-09-11 05:17:59.999999+09:00,2024-09-11 05:17:00+09:00,U8,1164268,2815
1164238,2024-09-11 05:17:00+09:00,2024-09-11 05:18:59.999999+09:00,2024-09-11 05:18:00+09:00,U8,1164238,2815
1164236,2024-09-11 05:17:00+09:00,2024-09-11 05:17:59.999999+09:00,2024-09-11 05:17:00+09:00,U8,1164236,2815
1164237,2024-09-11 05:17:00+09:00,2024-09-11 05:17:59.999999+09:00,2024-09-11 05:18:00+09:00,U8,1164237,2815
1164241,2024-09-11 05:18:00+09:00,2024-09-11 05:18:59.999999+09:00,2024-09-11 05:19:00+09:00,U8,1164241,2815
1164239,2024-09-11 05:18:00+09:00,2024-09-11 05:18:59.999999+09:00,2024-09-11 05:18:00+09:00,U8,1164239,2815
1164240,2024-09-11 05:18:00+09:00,2024-09-11 05:18:59.999999+09:00,2024-09-11 05:18:00+09:00,U8,1164240,2815
1164242,2024-09-11 05:19:00+09:00,2024-09-11 05:19:59.999999+09:00,2024-09-11 05:19:00+09:00,U8,1164242,2815
1164243,2024-09-11 05:19:00+09:00,2024-09-11 05:19:59.999999+09:00,2024-09-11 05:19:00+09:00,U8,1164243,2815
1164245,2024-09-11 05:19:00+09:00,2024-09-11 05:19:59.999999+09:00,2024-09-11 05:19:00+09:00,U8,1164245,2815
1164246,2024-09-11 05:19:00+09:00,2024-09-11 05:19:59.999999+09:00,2024-09-11 05:20:00+09:00,U8,1164246,2815
1164247,2024-09-11 05:20:00+09:00,2024-09-11 05:20:59.999999+09:00,2024-09-11 05:20:00+09:00,U8,1164247,2814
1164248,2024-09-11 05:20:00+09:00,2024-09-11 05:20:59.999999+09:00,2024-09-11 05:20:00+09:00,U8,1164248,2814
1164250,2024-09-11 05:20:00+09:00,2024-09-11 05:20:59.999999+09:00,2024-09-11 05:21:00+09:00,U8,1164250,2814
1164253,2024-09-11 05:21:00+09:00,2024-09-11 05:22:59.999999+09:00,2024-09-11 05:22:00+09:00,U8,1164253,2815
1164252,2024-09-11 05:21:00+09:00,2024-09-11 05:21:59.999999+09:00,2024-09-11 05:21:00+09:00,U8,1164252,2815
1164254,2024-09-11 05:22:00+09:00,2024-09-11 05:22:59.999999+09:00,2024-09-11 05:22:00+09:00,U8,1164254,2815
1164255,2024-09-11 05:22:00+09:00,2024-09-11 05:22:59.999999+09:00,2024-09-11 05:23:00+09:00,U8,1164255,2815
1164281,2024-09-11 05:23:00+09:00,2024-09-11 05:23:59.999999+09:00,2024-09-11 05:23:00+09:00,U8,1164281,2814
1164256,2024-09-11 05:24:00+09:00,2024-09-11 05:24:59.999999+09:00,2024-09-11 05:24:00+09:00,U8,1164256,2815
1164257,2024-09-11 05:24:00+09:00,2024-09-11 05:25:59.999999+09:00,2024-09-11 05:25:00+09:00,U8,1164257,2814
1164258,2024-09-11 05:25:00+09:00,2024-09-11 05:26:59.999999+09:00,2024-09-11 05:26:00+09:00,U8,1164258,2815
1164259,2024-09-11 05:26:00+09:00,2024-09-11 05:27:59.999999+09:00,2024-09-11 05:27:00+09:00,U8,1164259,2815
1164260,2024-09-11 05:27:00+09:00,2024-09-11 05:27:59.999999+09:00,2024-09-11 05:28:00+09:00,U8,1164260,2815
1166499,2024-09-11 17:21:00+09:00,2024-09-11 17:21:59.999999+09:00,2024-09-11 17:21:00+09:00,U9,1166499,2815
1166505,2024-09-11 17:29:00+09:00,2024-09-11 17:29:59.999999+09:00,2024-09-11 17:29:00+09:00,U9,1166505,2808
1166504,2024-09-11 17:29:00+09:00,2024-09-11 17:29:59.999999+09:00,2024-09-11 17:29:00+09:00,U9,1166504,2808
1166506,2024-09-11 17:30:00+09:00,2024-09-11 17:31:59.999999+09:00,2024-09-11 17:31:00+09:00,U9,1166506,2808
1166542,2024-09-11 17:30:00+09:00,2024-09-11 17:30:59.999999+09:00,2024-09-11 17:30:00+09:00,U9,1166542,2811
1166540,2024-09-11 17:30:00+09:00,2024-09-11 17:30:59.999999+09:00,2024-09-11 17:30:00+09:00,U9,1166540,2811
1166507,2024-09-11 17:31:00+09:00,2024-09-11 17:31:59.999999+09:00,2024-09-11 17:32:00+09:00,U9,1166507,2815
1166509,2024-09-11 17:32:00+09:00,2024-09-11 17:32:59.999999+09:00,2024-09-11 17:32:00+09:00,U9,1166509,2814
1166508,2024-09-11 17:32:00+09:00,2024-09-11 17:32:59.999999+09:00,2024-09-11 17:32:00+09:00,U9,1166508,2814
1166510,2024-09-11 17:33:00+09:00,2024-09-11 17:33:59.999999+09:00,2024-09-11 17:33:00+09:00,U9,1166510,2814
1166511,2024-09-11 17:33:00+09:00,2024-09-11 17:33:59.999999+09:00,2024-09-11 17:33:00+09:00,U9,1166511,2814
1166512,2024-09-11 17:33:00+09:00,2024-09-11 17:34:59.999999+09:00,2024-09-11 17:34:00+09:00,U9,1166512,2808
1166513,2024-09-11 17:34:00+09:00,2024-09-11 17:34:59.999999+09:00,2024-09-11 17:35:00+09:00,U9,1166513,2811
1166514,2024-09-11 17:34:00+09:00,2024-09-11 17:35:59.999999+09:00,2024-09-11 17:35:00+09:00,U9,1166514,2808
1166516,2024-09-11 17:35:00+09:00,2024-09-11 17:35:59.999999+09:00,2024-09-11 17:36:00+09:00,U9,1166516,2815
1166515,2024-09-11 17:35:00+09:00,2024-09-11 17:35:59.999999+09:00,2024-09-11 17:35:00+09:00,U9,1166515,2815
1166517,2024-09-11 17:35:00+09:00,2024-09-11 17:36:59.999999+09:00,2024-09-11 17:36:00+09:00,U9,1166517,2815
1166525,2024-09-11 17:36:00+09:00,2024-09-11 17:36:59.999999+09:00,2024-09-11 17:36:00+09:00,U9,1166525,2815
1166518,2024-09-11 17:36:00+09:00,2024-09-11 17:36:59.999999+09:00,2024-09-11 17:36:00+09:00,U9,1166518,2815
1166519,2024-09-11 17:37:00+09:00,2024-09-11 17:37:59.999999+09:00,2024-09-11 17:37:00+09:00,U9,1166519,2815
1166520,2024-09-11 17:37:00+09:00,2024-09-11 17:37:59.999999+09:00,2024-09-11 17:37:00+09:00,U9,1166520,2815
1166521,2024-09-11 17:37:00+09:00,2024-09-11 17:38:59.999999+09:00,2024-09-11 17:38:00+09:00,U9,1166521,2815
1166522,2024-09-11 17:38:00+09:00,2024-09-11 17:38:59.999999+09:00,2024-09-11 17:38:00+09:00,U9,1166522,2815
1166523,2024-09-11 17:38:00+09:00,2024-09-11 17:39:59.999999+09:00,2024-09-11 17:39:00+09:00,U9,1166523,2815
1166551,2024-09-11 17:39:00+09:00,2024-09-11 17:40:59.999999+09:00,2024-09-11 17:40:00+09:00,U9,1166551,2807
1166524,2024-09-11 17:39:00+09:00,2024-09-11 17:39:59.999999+09:00,2024-09-11 17:39:00+09:00,U9,1166524,2815
1166532,2024-09-11 17:42:00+09:00,2024-09-11 17:44:59.999999+09:00,2024-09-11 17:44:00+09:00,U9,1166532,2815
1166526,2024-09-11 17:42:00+09:00,2024-09-11 17:42:59.999999+09:00,2024-09-11 17:42:00+09:00,U9,1166526,2815
1166527,2024-09-11 17:43:00+09:00,2024-09-11 17:43:59.999999+09:00,2024-09-11 17:43:00+09:00,U9,1166527,2807
1166528,2024-09-11 17:43:00+09:00,2024-09-11 17:44:59.999999+09:00,2024-09-11 17:44:00+09:00,U9,1166528,2808
1166530,2024-09-11 17:47:00+09:00,2024-09-11 17:47:59.999999+09:00,2024-09-11 17:48:00+09:00,U9,1166530,2815
1166531,2024-09-11 17:48:00+09:00,2024-09-11 17:48:59.999999+09:00,2024-09-11 17:49:00+09:00,U9,1166531,2814
1166533,2024-09-11 17:49:00+09:00,2024-09-11 17:49:59.999999+09:00,2024-09-11 17:49:00+09:00,U9,1166533,2814
1167300,2024-09-11 22:49:00+09:00,2024-09-11 22:49:59.999999+09:00,2024-09-11 22:49:00+09:00,U10,1167300,2807
1167268,2024-09-11 22:51:00+09:00,2024-09-11 22:51:59.999999+09:00,2024-09-11 22:52:00+09:00,U10,1167268,2815
1167309,2024-09-11 22:52:00+09:00,2024-09-11 22:52:59.999999+09:00,2024-09-11 22:52:00+09:00,U10,1167309,2815
1167269,2024-09-11 22:52:00+09:00,2024-09-11 22:52:59.999999+09:00,2024-09-11 22:53:00+09:00,U10,1167269,2815
1167270,2024-09-11 22:53:00+09:00,2024-09-11 22:53:59.999999+09:00,2024-09-11 22:53:00+09:00,U10,1167270,2811
1167273,2024-09-11 22:53:00+09:00,2024-09-11 22:53:59.999999+09:00,2024-09-11 22:53:00+09:00,U10,1167273,2811
1167274,2024-09-11 22:53:00+09:00,2024-09-11 22:53:59.999999+09:00,2024-09-11 22:54:00+09:00,U10,1167274,2811
1167275,2024-09-11 22:53:00+09:00,2024-09-11 22:54:59.999999+09:00,2024-09-11 22:54:00+09:00,U10,1167275,2815
1167278,2024-09-11 22:54:00+09:00,2024-09-11 22:55:59.999999+09:00,2024-09-11 22:55:00+09:00,U10,1167278,2815
1167277,2024-09-11 22:54:00+09:00,2024-09-11 22:55:59.999999+09:00,2024-09-11 22:55:00+09:00,U10,1167277,2815
1167276,2024-09-11 22:54:00+09:00,2024-09-11 22:54:59.999999+09:00,2024-09-11 22:54:00+09:00,U10,1167276,2815
1167279,2024-09-11 22:55:00+09:00,2024-09-11 22:55:59.999999+09:00,2024-09-11 22:55:00+09:00,U10,1167279,2815
1167280,2024-09-11 22:55:00+09:00,2024-09-11 22:56:59.999999+09:00,2024-09-11 22:56:00+09:00,U10,1167280,2815
1167281,2024-09-11 22:56:00+09:00,2024-09-11 22:56:59.999999+09:00,2024-09-11 22:56:00+09:00,U10,1167281,2810
1167282,2024-09-11 22:56:00+09:00,2024-09-11 22:56:59.999999+09:00,2024-09-11 22:56:00+09:00,U10,1167282,2810
1167284,2024-09-11 22:57:00+09:00,2024-09-11 22:57:59.999999+09:00,2024-09-11 22:58:00+09:00,U10,1167284,2815
1167283,2024-09-11 22:57:00+09:00,2024-09-11 22:57:59.999999+09:00,2024-09-11 22:57:00+09:00,U10,1167283,2815
1167285,2024-09-11 22:58:00+09:00,2024-09-11 22:58:59.999999+09:00,2024-09-11 22:59:00+09:00,U10,1167285,2808
1167286,2024-09-11 22:58:00+09:00,2024-09-11 22:59:59.999999+09:00,2024-09-11 22:59:00+09:00,U10,1167286,2808
1167320,2024-09-11 22:58:00+09:00,2024-09-11 22:58:59.999999+09:00,2024-09-11 22:58:00+09:00,U10,1167320,2808
1167287,2024-09-11 22:59:00+09:00,2024-09-11 22:59:59.999999+09:00,2024-09-11 22:59:00+09:00,U10,1167287,2808
1167288,2024-09-11 22:59:00+09:00,2024-09-11 22:59:59.999999+09:00,2024-09-11 22:59:00+09:00,U10,1167288,2808
1167289,2024-09-11 23:00:00+09:00,2024-09-11 23:00:59.999999+09:00,2024-09-11 23:00:00+09:00,U10,1167289,2815
1167290,2024-09-11 23:00:00+09:00,2024-09-11 23:01:59.999999+09:00,2024-09-11 23:01:00+09:00,U10,1167290,2815
1167291,2024-09-11 23:01:00+09:00,2024-09-11 23:01:59.999999+09:00,2024-09-11 23:01:00+09:00,U10,1167291,2815
1167292,2024-09-11 23:02:00+09:00,2024-09-11 23:02:59.999999+09:00,2024-09-11 23:02:00+09:00,U10,1167292,2815
1167293,2024-09-11 23:02:00+09:00,2024-09-11 23:03:59.999999+09:00,2024-09-11 23:03:00+09:00,U10,1167293,2815
1167294,2024-09-11 23:03:00+09:00,2024-09-11 23:03:59.999999+09:00,2024-09-11 23:03:00+09:00,U10,1167294,2814
1167295,2024-09-11 23:04:00+09:00,2024-09-11 23:04:59.999999+09:00,2024-09-11 23:04:00+09:00,U10,1167295,2815
1167296,2024-09-11 23:04:00+09:00,2024-09-11 23:05:59.999999+09:00,2024-09-11 23:05:00+09:00,U10,1167296,2814
1167297,2024-09-11 23:05:00+09:00,2024-09-11 23:05:59.999999+09:00,2024-09-11 23:05:00+09:00,U10,1167297,2814
1171436,2024-09-13 04:09:00+09:00,2024-09-13 04:09:59.999999+09:00,2024-09-13 04:09:00+09:00,U11,1171436,2815
1171440,2024-09-13 04:11:00+09:00,2024-09-13 04:11:59.999999+09:00,2024-09-13 04:11:00+09:00,U11,1171440,2815
1171441,2024-09-13 04:11:00+09:00,2024-09-13 04:11:59.999999+09:00,2024-09-13 04:11:00+09:00,U11,1171441,2815
1171442,2024-09-13 04:11:00+09:00,2024-09-13 04:11:59.999999+09:00,2024-09-13 04:11:00+09:00,U11,1171442,2815
1171443,2024-09-13 04:13:00+09:00,2024-09-13 04:13:59.999999+09:00,2024-09-13 04:13:00+09:00,U11,1171443,2807
1171444,2024-09-13 04:13:00+09:00,2024-09-13 04:13:59.999999+09:00,2024-09-13 04:13:00+09:00,U11,1171444,2807
1171445,2024-09-13 04:13:00+09:00,2024-09-13 04:13:59.999999+09:00,2024-09-13 04:13:00+09:00,U11,1171445,2807
1171446,2024-09-13 04:14:00+09:00,2024-09-13 04:14:59.999999+09:00,2024-09-13 04:14:00+09:00,U11,1171446,2807
1171447,2024-09-13 04:14:00+09:00,2024-09-13 04:14:59.999999+09:00,2024-09-13 04:14:00+09:00,U11,1171447,2807
1171448,2024-09-13 04:15:00+09:00,2024-09-13 04:15:59.999999+09:00,2024-09-13 04:15:00+09:00,U11,1171448,2807
1171449,2024-09-13 04:15:00+09:00,2024-09-13 04:16:59.999999+09:00,2024-09-13 04:16:00+09:00,U11,1171449,2814
1171450,2024-09-13 04:16:00+09:00,2024-09-13 04:16:59.999999+09:00,2024-09-13 04:16:00+09:00,U11,1171450,2815
1171451,2024-09-13 04:16:00+09:00,2024-09-13 04:16:59.999999+09:00,2024-09-13 04:16:00+09:00,U11,1171451,2815
1171452,2024-09-13 04:16:00+09:00,2024-09-13 04:16:59.999999+09:00,2024-09-13 04:16:00+09:00,U11,1171452,2815
1171453,2024-09-13 04:16:00+09:00,2024-09-13 04:16:59.999999+09:00,2024-09-13 04:17:00+09:00,U11,1171453,2815
1171454,2024-09-13 04:16:00+09:00,2024-09-13 04:17:59.999999+09:00,2024-09-13 04:17:00+09:00,U11,1171454,2815
1171457,2024-09-13 04:17:00+09:00,2024-09-13 04:17:59.999999+09:00,2024-09-13 04:18:00+09:00,U11,1171457,2815
1171456,2024-09-13 04:17:00+09:00,2024-09-13 04:17:59.999999+09:00,2024-09-13 04:17:00+09:00,U11,1171456,2815
1171455,2024-09-13 04:17:00+09:00,2024-09-13 04:17:59.999999+09:00,2024-09-13 04:17:00+09:00,U11,1171455,2815
1171458,2024-09-13 04:18:00+09:00,2024-09-13 04:18:59.999999+09:00,2024-09-13 04:18:00+09:00,U11,1171458,2814
1171459,2024-09-13 04:19:00+09:00,2024-09-13 04:19:59.999999+09:00,2024-09-13 04:19:00+09:00,U11,1171459,2814
1171460,2024-09-13 04:19:00+09:00,2024-09-13 04:19:59.999999+09:00,2024-09-13 04:19:00+09:00,U11,1171460,2814
1171461,2024-09-13 04:19:00+09:00,2024-09-13 04:19:59.999999+09:00,2024-09-13 04:19:00+09:00,U11,1171461,2814
1171462,2024-09-13 04:21:00+09:00,2024-09-13 04:21:59.999999+09:00,2024-09-13 04:21:00+09:00,U11,1171462,2815
1171463,2024-09-13 04:21:00+09:00,2024-09-13 04:22:59.999999+09:00,2024-09-13 04:22:00+09:00,U11,1171463,2815
1171464,2024-09-13 04:22:00+09:00,2024-09-13 04:22:59.999999+09:00,2024-09-13 04:23:00+09:00,U11,1171464,2814
1171465,2024-09-13 04:23:00+09:00,2024-09-13 04:24:59.999999+09:00,2024-09-13 04:24:00+09:00,U11,1171465,2815
1171466,2024-09-13 04:25:00+09:00,2024-09-13 04:25:59.999999+09:00,2024-09-13 04:25:00+09:00,U11,1171466,2815
1171467,2024-09-13 04:25:00+09:00,2024-09-13 04:26:59.999999+09:00,2024-09-13 04:26:00+09:00,U11,1171467,2815
1171517,2024-09-13 04:28:00+09:00,2024-09-13 04:28:59.999999+09:00,2024-09-13 04:28:00+09:00,U12,1171517,2807
1171518,2024-09-13 04:28:00+09:00,2024-09-13 04:28:59.999999+09:00,2024-09-13 04:28:00+09:00,U12,1171518,2807
1171519,2024-09-13 04:28:00+09:00,2024-09-13 04:28:59.999999+09:00,2024-09-13 04:29:00+09:00,U12,1171519,2807
1171520,2024-09-13 04:29:00+09:00,2024-09-13 04:29:59.999999+09:00,2024-09-13 04:29:00+09:00,U12,1171520,2808
1171521,2024-09-13 04:29:00+09:00,2024-09-13 04:29:59.999999+09:00,2024-09-13 04:29:00+09:00,U12,1171521,2808
1171522,2024-09-13 04:29:00+09:00,2024-09-13 04:29:59.999999+09:00,2024-09-13 04:29:00+09:00,U12,1171522,2808
1171524,2024-09-13 04:30:00+09:00,2024-09-13 04:30:59.999999+09:00,2024-09-13 04:30:00+09:00,U12,1171524,2815
1171525,2024-09-13 04:30:00+09:00,2024-09-13 04:30:59.999999+09:00,2024-09-13 04:31:00+09:00,U12,1171525,2815
1171523,2024-09-13 04:30:00+09:00,2024-09-13 04:30:59.999999+09:00,2024-09-13 04:30:00+09:00,U12,1171523,2815
1171526,2024-09-13 04:31:00+09:00,2024-09-13 04:31:59.999999+09:00,2024-09-13 04:31:00+09:00,U12,1171526,2815
1171527,2024-09-13 04:31:00+09:00,2024-09-13 04:31:59.999999+09:00,2024-09-13 04:31:00+09:00,U12,1171527,2815
1171528,2024-09-13 04:31:00+09:00,2024-09-13 04:31:59.999999+09:00,2024-09-13 04:31:00+09:00,U12,1171528,2815
1171529,2024-09-13 04:31:00+09:00,2024-09-13 04:32:59.999999+09:00,2024-09-13 04:32:00+09:00,U12,1171529,2815
1171530,2024-09-13 04:32:00+09:00,2024-09-13 04:32:59.999999+09:00,2024-09-13 04:32:00+09:00,U12,1171530,2815
1171531,2024-09-13 04:32:00+09:00,2024-09-13 04:32:59.999999+09:00,2024-09-13 04:32:00+09:00,U12,1171531,2815
1171532,2024-09-13 04:32:00+09:00,2024-09-13 04:33:59.999999+09:00,2024-09-13 04:33:00+09:00,U12,1171532,2815
1171534,2024-09-13 04:33:00+09:00,2024-09-13 04:33:59.999999+09:00,2024-09-13 04:33:00+09:00,U12,1171534,2815
1171535,2024-09-13 04:33:00+09:00,2024-09-13 04:33:59.999999+09:00,2024-09-13 04:34:00+09:00,U12,1171535,2815
1171533,2024-09-13 04:33:00+09:00,2024-09-13 04:33:59.999999+09:00,2024-09-13 04:33:00+09:00,U12,1171533,2815
1171536,2024-09-13 04:34:00+09:00,2024-09-13 04:34:59.999999+09:00,2024-09-13 04:34:00+09:00,U12,1171536,2815
1171537,2024-09-13 04:34:00+09:00,2024-09-13 04:34:59.999999+09:00,2024-09-13 04:34:00+09:00,U12,1171537,2815
1171538,2024-09-13 04:34:00+09:00,2024-09-13 04:35:59.999999+09:00,2024-09-13 04:35:00+09:00,U12,1171538,2815
1171539,2024-09-13 04:35:00+09:00,2024-09-13 04:36:59.999999+09:00,2024-09-13 04:36:00+09:00,U12,1171539,2815
1171540,2024-09-13 04:36:00+09:00,2024-09-13 04:36:59.999999+09:00,2024-09-13 04:36:00+09:00,U12,1171540,2815
1171541,2024-09-13 04:36:00+09:00,2024-09-13 04:37:59.999999+09:00,2024-09-13 04:37:00+09:00,U12,1171541,2815
1171543,2024-09-13 04:37:00+09:00,2024-09-13 04:38:59.999999+09:00,2024-09-13 04:38:00+09:00,U12,1171543,2815
1171542,2024-09-13 04:37:00+09:00,2024-09-13 04:37:59.999999+09:00,2024-09-13 04:37:00+09:00,U12,1171542,2815
1171544,2024-09-13 04:38:00+09:00,2024-09-13 04:38:59.999999+09:00,2024-09-13 04:38:00+09:00,U12,1171544,2815
